Technique,F1,IoU,Precision,Recall
A: Baseline,0.871226005,0.771833881,0.880727873,0.861926983
A: Siamese,0.880752026,0.78691412,0.895051827,0.86690197
A: Attention,0.891903182,0.804896447,0.885312584,0.898592653
A: Ensemble_Avg,0.893388862,0.807319609,0.900722882,0.88617332
A: Attention+TTA,0.89677357,0.81286448,0.892265329,0.901327609
A: TTA+Ensemble,0.895769935,0.811216768,0.904541543,0.887166825
B: MultiTask (CD+Edge),0.876495926,0.780144866,0.888584821,0.864731556
C: Temporal ConvLSTM,0.893361181,0.807274401,0.905330662,0.88170408
D: HeightAware (6ch),0.887470901,0.797705796,0.903629053,0.871880468
